surname,fake_surname
Ligorio,Renault
Gussoni,Berengario
Baglioni,Bellini
Dandolo,Filippelli
Druso,Fabbri
Romagnoli,Nadi
Gualandi,Sorrentino
Bruscantini,Panzera
Musatti,Casellati
Trentini,Antonelli
Bartoli,Turati
Tozzo,Bongiorno
Ortolani,Gravina
Mascheroni,Scaramucci
Toselli,Pirandello
Bajamonti,Manolesso
Conti,Spallanzani
Segni,Garozzo
Cagnotto,Torlonia
Gualtieri,Cristoforetti
Tornatore,Santi
Pizziol,Marcacci
Spinelli,Volta
Barbarigo,Anichini
Maderno,Pratesi
Querini,Comisso
Poerio,Caccioppoli
Anguissola,Vivaldi
Campise,Barozzi
Tarchetti,Cusano
Zichichi,Bonolis
Riccardi,Monteverdi
Lanfranchi,Carosone
Brenna,Correr
Sollima,Barillaro
Soffici,Cociarelli
Simeoni,Pennetta
Alfonsi,Morricone
Turchetta,Corradi
Lollobrigida,Bevilacqua
Bellò,Tomaselli
Schiaparelli,Travaglio
Donà,Abbagnale
Gianinazzi,Guidotti
Pietrangeli,Pisacane
Ferrazzi,Doria
Valier,Rosiello
Beffa,Ughi
Calgari,Pelli
Sbarbaro,Segni
Paganini,Ciani
Pacetti,Costanzi
Serlupi,Salieri
Saraceno,Comeriato
Mortati,Porcellato
Leoncavallo,Caffarelli
Ferragni,Ritacca
Stucchi,Costalonga
Pasqua,Flaiano
Faranda,Beccheria
Regge,Chinnici
Treves,Corbo
Tomaselli,Scarpa
Lattuada,Pertile
Berlusconi,Pastine
Lucarelli,Miniati
Nicoletti,Tozzi
Sandi,Piccio
Lupo,Gentilini
Moretti,Dovara
Matteotti,Farnese
Meucci,Baresi
Odescalchi,Zabarella
Cammarata,Bajardi
Vendetti,Tomei
Magnani,Bianchini
Viviani,Benigni
Tolentino,Vianello
Sinisi,Cundari
Sagese,Renzi
Mozart,Venier
Bonino,Gramsci
Righi,Montessori
Trussardi,Cannizzaro
Pertile,Gabrieli
Tropea,Santoro
Calarco,Altera
Juvara,Liguori
Squarcione,Visconti
Manacorda,Mercantini
Brugnaro,Interminei
Ferrucci,Onisto
Boldù,Vitturi
Pennetta,Pagnotto
Marrone,Pellico
Porzio,Matteotti
Natta,Morrocco
Camiscione,Scandone
Galuppi,Bazzi
Galiazzo,Barcaccia
Iacovelli,Amaldi
Carriera,Pisano
Cabrini,Monti
Pavanello,Tamburello
Gabrieli,Moresi
Anichini,Bruscantini
Munari,Molesini
Antonioni,Chiappetta
Tartaglia,Cicala
Veltroni,Persico
Fanucci,Barracco
Malenchini,Pavanello
Raurica,Smirnoff
Schicchi,Bondumier
Petrucelli,Ginesio
Leone,Cugia
Valentino,Totino
Zabarella,Trezzini
Aldobrandi,Ariosto
Gagliardi,Vespucci
Tonisto,Nicolini
Federici,Filippini
Bocca,Tafuri
Pagliaro,Conti
Rocca,Brugnaro
Montessori,Polesel
Pezzali,Pulci
Polani,Branciforte
Abate,Savorgnan
Maffei,Gullotta
Beccheria,Blasi
Brambilla,Camilleri
Beccaria,Cappelli
Capuana,Storladi
Vianello,Moretti
Montanariello,Bignami
Pincherle,Federico
Loredan,Zacchia
Visconti,Badoer
Palumbo,Ficino
Liguori,Mattarella
Bonatti,Traetta
Iacobucci,Galiazzo
Berengario,Respighi
Zampa,Murri
Bompiani,Lupo
Pizzamano,Mancini
Giulietti,Morucci
Ferraris,Monicelli
Giannone,Pedrazzini
Scarlatti,Tozzo
Abatantuono,Sauro
Tacchini,Pacelli
Segrè,Baggio
Tagliafierro,Toselli
Gabba,Ravaglioli
Zarlino,Callegari
Cendron,Fabrizi
Almagià,Bragaglia
Soranzo,Finzi
Pininfarina,Pedersoli
Gozzano,Petrucelli
Trebbi,Udinesi
Iannucci,Mercati
Gregori,Notarbartolo
Mercantini,Piane
Majorana,Gianetti
Petralli,Viviani
Camicione,Marrone
Fieramosca,Navarria
Gargallo,Ginese
Comencini,Rocca
Russo,Sobrero
Innocenti,Montalcini
Leblanc,Montanelli
Cimini,Pavone
Trevisan,Gaiatto
Faggiani,Collodi
Nibali,Sraffa
Antonini,Tornatore
Fantini,Marsili
Gramsci,Virgilio
Varano,Luciani
Trobbiani,Leonardi
Tassoni,Montesano
Casarin,Salvini
Casaleggio,Lerner
Strangio,Tropea
Camilleri,Eco
Rismondo,Gibilisco
Sabbatini,Tanzini
Curci,Rensi
Soprano,Babato
Goldstein,Telesio
Novaro,Alfonsi
Foscari,Boccaccio
Leonetti,Giacometti
Nosiglia,Filogamo
Giolitti,Zoppetto
Persico,Rossetti
Zecchini,Gussoni
Casini,Borsellino
Priuli,Tomasetti
Montanari,Bembo
Broschi,Golgi
Vitturi,Zito
Pepe,Rosselli
Palmisano,Trentin
Letta,Gabbana
Zanzi,Scarfoglio
Mazzi,Soranzo
Bacosi,Fagiani
Lombroso,Mezzetta
Balla,Bosio
Oliboni,Fagotto
Crispi,Boitani
Cainero,Ferrucci
Dellucci,Giannetti
Pinamonte,Balla
Guarato,Perozzo
Tasso,Boiardo
Palazzo,Littizzetto
Gentili,Berlusconi
Modiano,Niscoromni
Caccianemico,Faggiani
Caboto,Anastasi
Busoni,Druso
Bottaro,Vanvitelli
Condoleo,Travia
Doria,Piovani
Ubaldi,Pometta
Mimun,Nugnes
Bertolucci,Catalano
Pignatti,Mercalli
Comeriato,Ceri
Togliatti,Folliero
Giammusso,Broschi
Emo,Rubbia
Aloisio,Navone
Balbi,Tedesco
Gibilisco,Oscuro
Trotta,Favata
Panzera,Mascagni
Combi,Crisafulli
Pistoletto,Cabrini
Battelli,Seddio
Maderna,Camiscione
Geraci,Gregorio
Cheda,Michelangeli
Parmitano,Cicilia
Tartini,Ovadia
Boccioni,Malatesta
Dossetti,Treves
Mascagni,Ariasso
Sforza,Mantegazza
Bondumier,Campano
Volterra,Norbiato
Pareto,Iacovelli
Gotti,Chindamo
Serraglio,Antonioni
Tomei,Celentano
Marazzi,Morpurgo
Lopresti,Armellini
Parri,Semitecolo
Trupiano,Milanesi
Cipolla,Martinelli
Ritacca,Polizzi
Interiano,Tomasini
Canova,Foletti
Dulbecco,Acerbi
Rinaldi,Tirabassi
Parpinel,Dibiasi
Luria,Gilardoni
Giusti,Ceschi
Vigliotti,Novaro
Catalano,Iannotti
Bembo,Pignatti
Antonucci,Cassarà
Papetti,Ceci
Basso,Metella
Barberini,Paltrinieri
Mercati,Sabatini
Golgi,Peranda
Bernardi,Procacci
Opizzi,Gagliano
Briccialdi,Montanari
Scarponi,Almagià
Ammaniti,Pausini
Bassi,Tosi
Trezzini,Taliani
Perozzo,Boaga
Nicolucci,Stein
Badoglio,Tutino
Pozzecco,Omma
Mastandrea,Faranda
Garobbio,Veltroni
Bandello,Maffei
Zoppetti,Collina
Malacarne,Biagi
Branciforte,Trussardi
Canevascini,Sagnelli
Guicciardini,Abate
Martucci,Ferretti
Fusani,Finotto
Rapisardi,Zacco
Petrucci,Guarato
Carocci,Buonauro
Frescobaldi,Goldstein
Surian,Pavarotti
Sauro,Grisoni
Morgagni,Tremonti
Nicolini,Galtarossa
Filangieri,Scialpi
Malatesta,Missoni
Cibin,Brenna
Taccola,Fracci
Luzi,Pascarella
Sordi,Bertolucci
Porcellato,Palombi
Marini,Pizzamano
Serao,Giusti
Venturi,Nosiglia
Prada,Righi
Pacomio,Babati
Torlonia,Guinizzelli
Satriani,Strangio
Travaglia,Chiesa
Maggioli,Accardo
Lucciano,Beccaria
Filippelli,Ossani
Parini,Verdi
Cafarchia,Pininfarina
Peranda,Gregori
Gregorio,Saraceno
Scialpi,Gualandi
Pizzetti,Zichichi
Caffarelli,Castioni
Salieri,Iannelli
Niggli,Trapani
Ovadia,Borrani
Germano,Cherubini
Tebaldi,Vergassola
Benussi,Lombroso
Pigafetta,Cafarchia
Grassi,Casadei
Gori,Asprucci
Traetta,Piazzi
Bosurgi,Argan
Navone,Micheletti
Renier,Bramante
Borroni,Mortati
Antelami,Taccola
Sorrentino,Mimun
Sanudo,Canetta
Altera,Giammusso
Benigni,Franzese
Lombardo,Cesarotti
Dalla,Iannucci
Pedersoli,Petralli
Cavanna,Saracino
Biagiotti,Boldù
Missoni,Fogazzaro
Respighi,Fieramosca
Ferrari,Stefanelli
Einaudi,Donini
Montesano,Bartoli
Campano,Vidoni
Gigli,Ubaldi
Brichese,Peruzzi
Vasari,Satta
Botta,Fibonacci
Fracci,Porzio
Antonello,Paolini
Manunta,Bacosi
Fattori,Speri
Migliaccio,Draghi
Fibonacci,Maderna
Travia,Murialdo
Faugno,Zecchini
Spinola,Orsini
Micca,Grimani
Miniati,Cuda
Disdero,Curci
Lussu,Cibin
Piccinni,Greggio
Rienzo,Guarneri
Goldoni,Maspero
Contarini,Zoppetti
Vigorelli,Bersani
Bazzi,Ruberto
Ricci,Stucchi
Collodi,Carocci
Guariento,Casaleggio
Chinnici,Pincherle
Ferrante,Boito
Rossetti,Parini
Borsiere,Bottigliero
Cherubini,Ungaretti
Alfieri,Zaccardo
Cerutti,Scamarcio
Mengolo,Ferrari
Ricciardi,Traversa
Pulci,Calgari
Curatoli,Finetti
Fantoni,Aldobrandi
Liverotti,Giannone
Mogherini,Saragat
Passalacqua,Randazzo
Tarantini,Zetticci
Galeati,Giannuzzi
Borrani,Fischetti
Ajello,Valguarnera
Cundari,Iacobucci
Ludovisi,Zaccagnini
Carullo,Guglielmi
Marenzio,Maggioli
Longhena,Spadafora
Pucci,Giradello
Foconi,Sagese
Armellini,Gigli
Papafava,Siffredi
Ossani,Pareto
Onisto,Paganini
Traversa,Biagiotti
Bresciani,Binaghi
Gucci,Piccinni
Gonzaga,Mastandrea
Filzi,Verga
Asmundo,Conte
Boiardo,Rienzo
Mocenigo,Nordio
Dibiasi,Valmarana
Ruffini,Goldoni
Onio,Bulzoni
Ceravolo,Briccialdi
Manolesso,Faugno
Doglioni,Passalacqua
Jilani,Sermonti
Bonaventura,Ajello
Chiappetta,Bragadin
Dallapé,Zarlino
Padovano,Disdero
Tremonti,Rizzo
Civaschi,Bonino
Maccanelli,Nitti
Udinesi,Sommaruga
Panicucci,Puccini
Finotto,Callegaro
Paruta,Spinola
Colletti,Viola
Jacuzzi,Visintini
Storladi,Nicolucci
Stradivari,Sibilia
Scarpa,Gonzaga
Guglielmi,Petruzzi
Turati,Zanichelli
Veneziano,Leonetti
Ferrata,Borromini
Giorgetti,Modugno
Toldo,Morgagni
Duse,Brichese
Tencalla,Manunta
Cianciolo,Angiolello
Mattarella,Guidone
Rusticucci,Gentili
Andreozzi,Fusani
Trincavelli,Morandini
Argentero,Tommaseo
Martinelli,Agazzi
Randazzo,Liverotti
Zacco,Bellocchio
Volta,Zampa
Pizzo,Nicoletti
Sobrero,Foà
Vidoni,Pergolesi
Cesarotti,Scotto
Olivetti,Comolli
Grimani,Gargallo
Orengo,Rinaldi
Collina,Benussi
Inzaghi,Migliaccio
Berrè,Anguissola
Sagredo,Amato
Babbo,Gualtieri
Zanazzo,Balbi
Filippini,Palumbo
Offredi,Scotti
Bocelli,Moccia
Rosiello,Delle
Bombieri,Jacuzzi
Cavalcanti,Letta
Mercadante,Fuseli
Pausini,Pellegrini
Taliercio,Mocenigo
Proietti,Giacconi
Castelli,Cavanna
Scalfaro,Onio
Pace,Cilibrasi
Romiti,Scalfaro
Verdone,Dossi
Mazzocchi,Donati
Agnesi,Mazzacurati
Vergerio,Parisi
Donarelli,Bettoni
Niscoromni,Gori
Staglieno,Boccioni
Gullotta,Montalti
Bosio,Leopardi
Barzini,Brunello
Gravina,Pontecorvo
Morlacchi,Garrone
Piazzi,Chechi
Sraffa,Toso
Lercari,Panicucci
Mantegna,Antonacci
Paltrinieri,Petrocelli
Roero,Turchi
Metella,Casalodi
Gabbana,Bocca
Saffi,Lucciano
Petruzzi,Ostinelli
Casagrande,Foconi
Lippomano,Pisaroni
Cutrufo,Galuppi
Vergassola,Errani
Procacci,Cremonesi
Galilei,Modigliani
Errigo,Rossellini
Ungaretti,Pizzo
Barcaccia,Bernardi
Jovinelli,Manzoni
Farinelli,Segrè
Muti,Duodo
Galtarossa,Rastelli
Monti,Tebaldi
Alboni,Carfagna
Salvo,Sbarbaro
Costanzi,Salgari
Gangemi,Foa
Pirelli,Regge
Redi,Valentino
Trillini,Monaco
Zaccardo,Sansoni
Giacconi,Deledda
Rensi,Morabito
Interminei,Botticelli
Giovine,Canali
Baracca,Cortese
Muratori,Endrizzi
Fornaciari,Surian
Legnante,Sordi
Bernetti,Camicione
Burcardo,Varano
Boezio,Tasca
Argento,Galvani
Pacelli,Busoni
Armani,Pucci
Sismondi,Papetti
Vattimo,Prati
Marangoni,Gianinazzi
Bajardi,Ligorio
Fischetti,Caetani
Cristoforetti,Fantozzi
Broggini,Fanucci
Gremese,Niggli
Spadafora,Sforza
Caironi,Santorio
Catenazzi,Anguillara
Pisacane,Renier
Valmarana,Ferragni
Vismara,Lettiere
Foa,Cattaneo
Boccaccio,Moneta
Trevisani,Bonanno
Donatoni,Brancaccio
Ortese,Bettin
Brancaccio,Gozzi
Sansoni,Fallaci
Iannelli,Carpaccio
Sauli,Paolucci
Malipiero,Falcone
Sabatini,Campanella
Mastroianni,Granatelli
Nugnes,Moschino
Cilea,Bosurgi
Napolitano,Gadda
Dossi,Bertoli
Scarpetta,Malaparte
Zaguri,Trentini
Cassarà,Esposito
Torricelli,Gemito
Luciani,Borroni
Curiel,Comencini
Tamburini,Caccianemico
Naccari,Cavalcanti
Borromeo,Fermi
Boito,Fittipaldi
Notarbartolo,Poerio
Salvemini,Gangemi
Telesio,Barzini
Orsini,Mennea
Lancisi,Loredan
Contrafatto,Tamborini
Carducci,Geraci
Tiepolo,Cimini
Cuomo,Morellato
Gianvecchio,Battelli
Columbo,Duse
Sgalambro,Vittadello
Antonetti,Cilea
Avogadro,Venturi
Pavarotti,Pasqua
Verri,Curatoli
Iadanza,Abatantuono
Bongiorno,Dandolo
Babato,Adinolfi
Bettin,Pasolini
Monteverdi,Chittolini
Bernini,Petrassi
Ariosto,Romiti
Tamborini,Vecoli
Fogazzaro,Babbo
Argan,Piacentini
Rizzoli,Staglieno
Carli,Beffa
Sonnino,Jovinelli
Franzese,Musatti
Filogamo,Munari
Gentileschi,Trincavelli
Carnera,Franscini
Franscini,Redi
Pascarella,Montecchi
Baggio,Vespa
Baresi,Franceschi
Maglio,Pirelli
Nitti,Sismondi
Lettiere,Inzaghi
Venditti,Contrafatto
Udinese,Botta
Pedroni,Farina
Moneta,Toldo
Saracino,Einaudi
Scandone,Buscetta
Giunti,Pedroni
Iannotti,Bossi
Rosselli,Bianchi
Bellucci,Lucchesi
Battaglia,Zamengo
Battisti,Curiel
Mazzacurati,Fantoni
Treccani,Veneziano
Ficino,Vergerio
Ottino,Malpighi
Renault,Gabba
Lerner,Infantino
Campanella,Zamorani
Gottardi,Pacillo
Mondadori,Marenzio
Scalera,Bignardi
Comisso,Villadicani
Agostini,Gioberti
Borsellino,Falier
Pedrazzini,Cuzzocrea
Binaghi,Ferraris
Majewski,Agnesi
Bossi,Cagnotto
Zoppetto,Marzorati
Fuseli,Alfieri
Nolcini,Palmisano
Zacchia,Grassi
Troisi,Antonetti
Angeli,Pacomio
Borzomì,Polani
Adinolfi,Tonisto
Cappelli,Juvara
Giannelli,Puglisi
Ossola,Gritti
Garozzo,Fornaciari
Canil,Dallapé
Sermonti,Coppola
